lecture_id,campus,building,room_id
A0001,南大沢,6号,205
A0002,南大沢,6号,211
A0003,南大沢,6号,212
A0004,南大沢,6号,213
A0005,南大沢,6号,204
A0006,南大沢,6号,209
A0007,南大沢,6号,208
A0008,南大沢,6号,210
A0009,南大沢,AV棟,162
A0010,南大沢,6号,202
A0011,南大沢,6号,302
A0012,南大沢,6号,303
A0013,南大沢,6号,105
A0014,南大沢,6号,308
A0015,南大沢,6号,106
A0016,南大沢,6号,309
A0017,南大沢,6号,310
A0018,南大沢,6号,105
A0019,南大沢,6号,312
A0020,南大沢,6号,307
A0021,南大沢,6号,306
A0024,南大沢,6号,205
A0025,南大沢,6号,211
A0026,南大沢,6号,212
A0027,南大沢,6号,213
A0028,南大沢,6号,204
A0029,南大沢,6号,209
A0030,南大沢,6号,208
A0031,南大沢,6号,210
A0032,南大沢,AV棟,162
A0033,南大沢,6号,202
A0034,南大沢,6号,302
A0035,南大沢,6号,303
A0036,南大沢,6号,105
A0037,南大沢,6号,308
A0038,南大沢,6号,106
A0039,南大沢,6号,309
A0040,南大沢,6号,310
A0041,南大沢,6号,311
A0042,南大沢,6号,312
A0043,南大沢,6号,307
A0044,南大沢,6号,306
A0047,南大沢,6号,203
A0048,南大沢,6号,211
A0049,南大沢,6号,212
A0050,南大沢,6号,213
A0051,南大沢,6号,204
A0052,南大沢,6号,209
A0053,南大沢,6号,210
A0054,南大沢,6号,210
A0055,南大沢,6号,209
A0056,南大沢,6号,211
A0057,南大沢,6号,212
A0058,南大沢,AV棟,162
A0059,南大沢,6号,403
A0060,南大沢,6号,308
A0061,南大沢,6号,309
A0062,南大沢,6号,310
A0063,南大沢,6号,311
A0064,南大沢,6号,105
A0065,南大沢,6号,106
A0066,南大沢,6号,301
A0067,南大沢,6号,302
A0068,南大沢,6号,303
A0069,南大沢,6号,304
A0072,南大沢,1号,340
A0073,南大沢,1号,350
A0074,南大沢,6号,203
A0075,南大沢,6号,211
A0076,南大沢,6号,211
A0077,南大沢,6号,213
A0078,南大沢,6号,204
A0079,南大沢,6号,209
A0080,南大沢,6号,208
A0081,南大沢,6号,210
A0082,南大沢,6号,209
A0083,南大沢,6号,211
A0084,南大沢,6号,212
A0085,南大沢,AV棟,162
A0086,南大沢,6号,403
A0087,南大沢,6号,308
A0088,南大沢,6号,309
A0089,南大沢,6号,310
A0090,南大沢,6号,311
A0091,南大沢,6号,105
A0092,南大沢,6号,106
A0093,南大沢,6号,301
A0094,南大沢,6号,302
A0095,南大沢,6号,303
A0096,南大沢,6号,304
A0097,南大沢,1号,320
A0098,南大沢,1号,330
A0099,南大沢,1号,340
A0100,南大沢,1号,350
A0102,南大沢,1号,340
A0104,南大沢,6号,403
A0105,南大沢,6号,403
A0106,南大沢,6号,104
A0108,南大沢,1号,320
A0109,南大沢,6号,207
A0110,南大沢,6号,208
A0111,南大沢,6号,209
A0112,南大沢,1号,308
A0113,南大沢,6号,208
A0114,南大沢,1号,330
A0115,南大沢,6号,106
A0116,南大沢,1号,206
A0117,南大沢,1号,109
A0119,南大沢,1号,202
A0120,南大沢,1号,104
A0121,南大沢,1号,202
A0122,南大沢,1号,209
A0123,南大沢,1号,102
A0124,南大沢,6号,212
A0125,南大沢,6号,212
A0126,南大沢,6号,403
A0127,南大沢,1号,205
A0128,南大沢,6号,209
A0129,南大沢,1号,208
A0130,南大沢,1号,302
A0131,南大沢,6号,213
A0132,南大沢,1号,206
A0133,南大沢,6号,212
A0135,南大沢,6号,205
A0137,南大沢,6号,403
A0138,南大沢,6号,104
A0140,南大沢,6号,207
A0141,南大沢,6号,205
A0143,南大沢,6号,201
A0144,南大沢,6号,403
A0145,南大沢,6号,201
A0146,南大沢,6号,206
A0147,南大沢,6号,207
A0148,南大沢,6号,208
A0149,南大沢,6号,403
A0150,南大沢,6号,209
A0151,南大沢,6号,209
A0152,南大沢,6号,104
A0153,南大沢,6号,207
A0154,南大沢,6号,211
A0155,南大沢,6号,205
A0156,南大沢,6号,210
A0158,南大沢,6号,305
A0159,南大沢,6号,306
A0160,南大沢,6号,307
A0161,南大沢,6号,308
A0162,南大沢,6号,309
A0163,南大沢,6号,310
A0164,南大沢,6号,311
A0165,南大沢,6号,312
A0166,南大沢,6号,307
A0167,南大沢,6号,308
A0168,南大沢,6号,309
A0169,南大沢,6号,310
A0170,南大沢,6号,311
A0171,南大沢,6号,201
A0172,南大沢,6号,206
A0173,南大沢,6号,207
A0174,南大沢,6号,208
A0175,南大沢,6号,403
A0176,南大沢,6号,209
A0177,南大沢,6号,209
A0178,南大沢,6号,104
A0179,南大沢,6号,207
A0180,南大沢,6号,211
A0181,南大沢,6号,205
A0182,南大沢,6号,210
A0184,南大沢,6号,305
A0185,南大沢,6号,306
A0186,南大沢,6号,307
A0187,南大沢,6号,308
A0188,南大沢,6号,309
A0189,南大沢,6号,310
A0190,南大沢,6号,311
A0191,南大沢,6号,312
A0192,南大沢,6号,307
A0193,南大沢,6号,308
A0194,南大沢,6号,309
A0195,南大沢,6号,310
A0196,南大沢,6号,311
A0197,南大沢,6号,201
A0198,南大沢,6号,211
A0199,南大沢,6号,205
A0200,南大沢,6号,208
A0201,南大沢,6号,209
A0202,南大沢,6号,210
A0203,南大沢,6号,105
A0204,南大沢,6号,104
A0205,南大沢,6号,202
A0206,南大沢,6号,205
A0207,南大沢,6号,307
A0208,南大沢,6号,308
A0209,南大沢,6号,309
A0210,南大沢,6号,310
A0211,南大沢,6号,311
A0212,南大沢,6号,312
A0213,南大沢,6号,302
A0214,南大沢,6号,303
A0215,南大沢,6号,304
A0216,南大沢,6号,305
A0217,南大沢,6号,306
A0218,南大沢,6号,307
A0220,南大沢,1号,340
A0221,南大沢,1号,350
A0222,南大沢,1号,330
A0223,南大沢,1号,350
A0224,南大沢,6号,201
A0225,南大沢,6号,211
A0226,南大沢,6号,205
A0227,南大沢,6号,208
A0228,南大沢,6号,209
A0229,南大沢,6号,210
A0230,南大沢,6号,105
A0231,南大沢,6号,104
A0232,南大沢,6号,202
A0233,南大沢,6号,205
A0234,南大沢,6号,307
A0235,南大沢,6号,308
A0236,南大沢,6号,309
A0237,南大沢,6号,310
A0238,南大沢,6号,311
A0239,南大沢,6号,312
A0240,南大沢,6号,302
A0241,南大沢,6号,303
A0242,南大沢,6号,304
A0243,南大沢,6号,305
A0244,南大沢,6号,306
A0245,南大沢,6号,307
A0248,南大沢,6号,303
A0249,南大沢,6号,311
A0250,南大沢,6号,312
A0251,南大沢,6号,104
A0252,南大沢,6号,310
A0253,南大沢,6号,213
A0254,南大沢,6号,313
A0255,南大沢,6号,308
A0256,南大沢,6号,309
A0257,南大沢,6号,106
A0258,南大沢,6号,201
A0259,南大沢,6号,210
A0260,南大沢,6号,211
A0261,南大沢,6号,403
A0262,南大沢,6号,205
A0263,南大沢,6号,204
A0264,南大沢,6号,202
A0265,南大沢,6号,208
A0266,南大沢,6号,209
A0267,南大沢,AV棟,163
A0268,南大沢,1号,330
A0269,南大沢,1号,340
A0270,南大沢,1号,350
A0271,南大沢,6号,303
A0272,南大沢,6号,311
A0273,南大沢,6号,312
A0274,南大沢,6号,104
A0275,南大沢,6号,310
A0276,南大沢,6号,213
A0277,南大沢,6号,313
A0278,南大沢,6号,308
A0279,南大沢,6号,309
A0280,南大沢,6号,106
A0281,南大沢,6号,201
A0282,南大沢,6号,210
A0283,南大沢,6号,211
A0284,南大沢,6号,403
A0285,南大沢,6号,205
A0286,南大沢,6号,204
A0287,南大沢,6号,202
A0288,南大沢,6号,208
A0289,南大沢,6号,209
A0290,南大沢,AV棟,163
A0291,南大沢,1号,340
A0292,南大沢,1号,330
A0293,南大沢,1号,320
A0294,南大沢,6号,201
A0295,南大沢,6号,403
A0296,南大沢,1号,304
A0297,南大沢,1号,102
A0298,南大沢,1号,104
A0299,南大沢,6号,210
A0300,南大沢,6号,211
A0301,南大沢,6号,207
A0302,南大沢,6号,203
A0303,南大沢,6号,204
A0305,南大沢,6号,205
A0306,南大沢,6号,212
A0307,南大沢,6号,206
A0308,南大沢,1号,105
A0309,南大沢,6号,211
A0310,南大沢,1号,202
A0311,南大沢,6号,211
A0312,南大沢,6号,207
A0313,南大沢,6号,104
A0314,南大沢,6号,104
A0315,南大沢,6号,203
A0316,南大沢,6号,211
A0317,南大沢,6号,207
A0318,南大沢,6号,104
A0319,南大沢,6号,104
A0320,南大沢,6号,203
A0321,南大沢,6号,201
A0322,南大沢,6号,303
A0323,南大沢,6号,104
A0324,南大沢,6号,304
A0325,南大沢,6号,208
A0326,南大沢,6号,209
A0327,南大沢,6号,211
A0328,南大沢,6号,212
A0329,南大沢,AV棟,162
A0330,南大沢,6号,403
A0331,南大沢,6号,301
A0332,南大沢,6号,308
A0333,南大沢,6号,309
A0334,南大沢,6号,310
A0335,南大沢,6号,311
A0336,南大沢,6号,312
A0337,南大沢,6号,313
A0338,南大沢,6号,210
A0339,南大沢,6号,213
A0340,南大沢,6号,301
A0341,南大沢,6号,304
A0343,南大沢,6号,201
A0344,南大沢,6号,303
A0345,南大沢,6号,104
A0346,南大沢,6号,304
A0347,南大沢,6号,208
A0348,南大沢,6号,209
A0349,南大沢,6号,211
A0350,南大沢,6号,212
A0351,南大沢,AV棟,162
A0352,南大沢,6号,403
A0353,南大沢,6号,301
A0354,南大沢,6号,308
A0355,南大沢,6号,309
A0356,南大沢,6号,310
A0357,南大沢,6号,311
A0358,南大沢,6号,312
A0359,南大沢,6号,313
A0360,南大沢,6号,210
A0361,南大沢,6号,213
A0362,南大沢,6号,301
A0363,南大沢,6号,304
A0365,南大沢,6号,301
A0366,南大沢,6号,308
A0367,南大沢,6号,309
A0368,南大沢,6号,310
A0369,南大沢,6号,311
A0370,南大沢,6号,312
A0371,南大沢,6号,313
A0372,南大沢,6号,105
A0373,南大沢,6号,106
A0374,南大沢,6号,210
A0375,南大沢,6号,203
A0376,南大沢,6号,212
A0377,南大沢,6号,303
A0378,南大沢,6号,213
A0379,南大沢,6号,208
A0380,南大沢,6号,104
A0381,南大沢,6号,304
A0382,南大沢,6号,211
A0383,南大沢,6号,209
A0384,南大沢,6号,404
A0385,南大沢,1号,330
A0388,南大沢,6号,302
A0389,南大沢,6号,301
A0390,南大沢,6号,308
A0391,南大沢,6号,309
A0392,南大沢,6号,310
A0393,南大沢,6号,311
A0394,南大沢,6号,312
A0395,南大沢,6号,313
A0396,南大沢,6号,105
A0397,南大沢,6号,106
A0398,南大沢,6号,210
A0399,南大沢,6号,203
A0400,南大沢,6号,212
A0401,南大沢,6号,303
A0402,南大沢,6号,213
A0403,南大沢,6号,208
A0404,南大沢,6号,104
A0405,南大沢,6号,304
A0406,南大沢,6号,211
A0407,南大沢,6号,209
A0409,南大沢,1号,330
A0410,南大沢,1号,330
A0411,南大沢,6号,302
A0412,南大沢,1号,350
A0413,南大沢,1号,340
A0415,南大沢,1号,340
A0417,南大沢,1号,350
A0418,南大沢,1号,340
A0419,南大沢,1号,103
A0420,南大沢,1号,203
A0421,南大沢,6号,106
A0422,南大沢,6号,201
A0423,南大沢,1号,103
A0424,南大沢,1号,102
A0425,南大沢,1号,103
A0426,南大沢,1号,303
A0427,南大沢,1号,205
A0428,南大沢,1号,203
A0429,南大沢,6号,106
A0430,南大沢,6号,210
A0431,南大沢,6号,213
A0432,南大沢,1号,105
A0433,南大沢,1号,303
A0434,南大沢,1号,302
A0435,南大沢,1号,109
A0436,南大沢,6号,105
A0437,南大沢,6号,104
A0438,南大沢,1号,208
A0439,南大沢,1号,104
A0440,南大沢,6号,211
A0441,南大沢,1号,350
A0442,南大沢,6号,104
A0444,南大沢,6号,201
A0445,南大沢,1号,320
A0446,南大沢,6号,104
A0449,南大沢,6号,201
A0450,南大沢,6号,105
A0453,南大沢,6号,104
A0454,南大沢,6号,209
A0455,南大沢,6号,204
A0456,南大沢,6号,105
A0457,南大沢,6号,301
A0458,南大沢,6号,208
A0459,南大沢,6号,308
A0460,南大沢,6号,309
A0461,南大沢,6号,310
A0462,南大沢,6号,311
A0463,南大沢,6号,312
A0464,南大沢,6号,212
A0465,南大沢,6号,213
A0466,南大沢,6号,303
A0467,南大沢,6号,203
A0468,南大沢,6号,212
A0469,南大沢,6号,213
A0470,南大沢,6号,106
A0471,南大沢,AV棟,162
A0472,南大沢,AV棟,163
A0473,南大沢,6号,207
A0474,南大沢,6号,202
A0475,南大沢,6号,403
A0476,南大沢,6号,206
A0477,南大沢,6号,204
A0480,南大沢,6号,301
A0481,南大沢,6号,208
A0482,南大沢,6号,308
A0483,南大沢,6号,309
A0484,南大沢,6号,310
A0485,南大沢,6号,311
A0486,南大沢,6号,312
A0487,南大沢,6号,212
A0488,南大沢,6号,213
A0489,南大沢,6号,303
A0490,南大沢,6号,203
A0491,南大沢,6号,212
A0492,南大沢,6号,213
A0493,南大沢,6号,106
A0494,南大沢,AV棟,162
A0495,南大沢,AV棟,163
A0496,南大沢,6号,207
A0497,南大沢,6号,202
A0498,南大沢,6号,403
A0499,南大沢,6号,206
A0500,南大沢,6号,204
A0503,南大沢,6号,301
A0504,南大沢,6号,302
A0505,南大沢,6号,303
A0506,南大沢,6号,304
A0507,南大沢,6号,305
A0508,南大沢,6号,306
A0509,南大沢,6号,212
A0510,南大沢,6号,213
A0511,南大沢,6号,301
A0512,南大沢,6号,302
A0513,南大沢,6号,303
A0514,南大沢,6号,304
A0516,南大沢,6号,204
A0517,南大沢,6号,212
A0518,南大沢,6号,213
A0519,南大沢,6号,106
A0520,南大沢,AV棟,162
A0521,南大沢,6号,105
A0522,南大沢,6号,202
A0523,南大沢,6号,210
A0524,南大沢,AV棟,163
A0525,南大沢,6号,211
A0526,南大沢,1号,330
A0527,南大沢,1号,320
A0528,南大沢,6号,204
A0529,南大沢,6号,205
A0530,南大沢,6号,202
A0531,南大沢,6号,301
A0532,南大沢,6号,302
A0533,南大沢,6号,303
A0534,南大沢,6号,304
A0535,南大沢,6号,305
A0536,南大沢,6号,306
A0537,南大沢,6号,212
A0538,南大沢,6号,213
A0539,南大沢,6号,301
A0540,南大沢,6号,302
A0541,南大沢,6号,303
A0542,南大沢,6号,304
A0544,南大沢,6号,204
A0545,南大沢,6号,212
A0546,南大沢,6号,213
A0547,南大沢,6号,106
A0548,南大沢,AV棟,162
A0549,南大沢,6号,105
A0550,南大沢,6号,202
A0551,南大沢,6号,210
A0552,南大沢,AV棟,163
A0553,南大沢,6号,211
A0554,南大沢,6号,204
A0555,南大沢,6号,205
A0556,南大沢,6号,202
A0557,南大沢,6号,203
A0558,南大沢,6号,204
A0559,南大沢,6号,205
A0560,南大沢,6号,104
A0561,南大沢,6号,202
A0562,南大沢,6号,210
A0563,南大沢,6号,106
A0564,南大沢,AV棟,162
A0565,南大沢,6号,213
A0566,南大沢,6号,212
A0567,南大沢,6号,301
A0568,南大沢,6号,308
A0569,南大沢,6号,309
A0570,南大沢,6号,310
A0571,南大沢,6号,311
A0572,南大沢,6号,307
A0573,南大沢,6号,313
A0574,南大沢,6号,306
A0575,南大沢,6号,105
A0576,南大沢,6号,303
A0577,南大沢,1号,320
A0578,南大沢,6号,404
A0580,南大沢,6号,404
A0581,南大沢,6号,203
A0582,南大沢,6号,204
A0583,南大沢,6号,205
A0584,南大沢,6号,104
A0585,南大沢,6号,202
A0586,南大沢,6号,210
A0587,南大沢,6号,106
A0588,南大沢,AV棟,162
A0589,南大沢,6号,213
A0590,南大沢,6号,212
A0591,南大沢,6号,301
A0592,南大沢,6号,308
A0593,南大沢,6号,309
A0594,南大沢,6号,310
A0595,南大沢,6号,311
A0596,南大沢,6号,307
A0597,南大沢,6号,313
A0598,南大沢,6号,306
A0599,南大沢,6号,105
A0600,南大沢,6号,303
A0601,南大沢,1号,350
A0602,南大沢,1号,340
A0604,南大沢,1号,330
A0605,南大沢,1号,330
A0607,南大沢,6号,104
A0608,南大沢,6号,209
A0609,南大沢,6号,204
A0610,南大沢,6号,105
A0611,南大沢,6号,104
A0612,南大沢,6号,104
A0613,南大沢,6号,104
A0614,南大沢,6号,203
A0615,南大沢,6号,213
A0616,南大沢,6号,313
A0617,南大沢,6号,312
A0618,南大沢,6号,311
A0619,南大沢,6号,310
A0620,南大沢,6号,309
A0621,南大沢,6号,308
A0622,南大沢,6号,312
A0623,南大沢,6号,307
A0624,南大沢,6号,306
A0625,南大沢,6号,301
A0626,南大沢,6号,302
A0627,南大沢,6号,202
A0628,南大沢,6号,404
A0629,南大沢,6号,104
A0630,南大沢,6号,106
A0631,南大沢,6号,208
A0632,南大沢,6号,105
A0633,南大沢,AV棟,162
A0634,南大沢,6号,202
A0635,南大沢,6号,104
A0636,南大沢,AV棟,163
A0637,南大沢,6号,203
A0638,南大沢,6号,213
A0639,南大沢,6号,313
A0640,南大沢,6号,312
A0641,南大沢,6号,311
A0642,南大沢,6号,310
A0643,南大沢,6号,309
A0644,南大沢,6号,308
A0645,南大沢,6号,312
A0646,南大沢,6号,307
A0647,南大沢,6号,306
A0648,南大沢,6号,301
A0649,南大沢,6号,302
A0650,南大沢,6号,202
A0651,南大沢,6号,404
A0652,南大沢,6号,104
A0653,南大沢,6号,106
A0654,南大沢,6号,208
A0655,南大沢,6号,105
A0656,南大沢,AV棟,162
A0657,南大沢,6号,202
A0658,南大沢,6号,104
A0659,南大沢,AV棟,163
A0660,南大沢,6号,307
A0661,南大沢,6号,308
A0662,南大沢,6号,309
A0663,南大沢,6号,310
A0664,南大沢,6号,311
A0665,南大沢,6号,312
A0666,南大沢,6号,307
A0667,南大沢,6号,105
A0668,南大沢,6号,106
A0669,南大沢,6号,210
A0670,南大沢,6号,202
A0671,南大沢,6号,404
A0672,南大沢,6号,104
A0673,南大沢,6号,106
A0674,南大沢,6号,208
A0675,南大沢,6号,209
A0676,南大沢,AV棟,163
A0677,南大沢,6号,211
A0678,南大沢,6号,212
A0679,南大沢,6号,213
A0682,南大沢,1号,330
A0683,南大沢,1号,350
A0684,南大沢,1号,340
A0685,南大沢,6号,307
A0686,南大沢,6号,308
A0687,南大沢,6号,309
A0688,南大沢,6号,310
A0689,南大沢,6号,311
A0690,南大沢,6号,312
A0691,南大沢,6号,307
A0692,南大沢,6号,105
A0693,南大沢,6号,106
A0694,南大沢,6号,210
A0695,南大沢,6号,202
A0696,南大沢,6号,404
A0697,南大沢,6号,104
A0698,南大沢,6号,106
A0699,南大沢,6号,208
A0700,南大沢,6号,209
A0701,南大沢,AV棟,163
A0702,南大沢,6号,211
A0703,南大沢,6号,212
A0704,南大沢,6号,213
A0708,南大沢,6号,210
A0709,南大沢,6号,308
A0710,南大沢,6号,309
A0711,南大沢,6号,310
A0712,南大沢,6号,311
A0713,南大沢,6号,312
A0714,南大沢,6号,211
A0715,南大沢,6号,303
A0716,南大沢,6号,304
A0717,南大沢,6号,208
A0718,南大沢,6号,301
A0719,南大沢,6号,105
A0720,南大沢,6号,201
A0721,南大沢,6号,204
A0722,南大沢,6号,212
A0723,南大沢,AV棟,162
A0724,南大沢,6号,403
A0725,南大沢,6号,104
A0726,南大沢,6号,106
A0729,南大沢,6号,404
A0730,南大沢,1号,330
A0731,南大沢,1号,340
A0732,南大沢,1号,350
A0733,南大沢,6号,210
A0734,南大沢,6号,308
A0735,南大沢,6号,309
A0736,南大沢,6号,310
A0737,南大沢,6号,311
A0738,南大沢,6号,312
A0739,南大沢,6号,211
A0740,南大沢,6号,303
A0741,南大沢,6号,304
A0742,南大沢,6号,208
A0743,南大沢,6号,301
A0744,南大沢,6号,105
A0745,南大沢,6号,201
A0746,南大沢,6号,204
A0747,南大沢,6号,212
A0748,南大沢,AV棟,162
A0749,南大沢,6号,403
A0750,南大沢,6号,104
A0751,南大沢,6号,106
A0755,南大沢,1号,340
A0756,南大沢,1号,350
A0757,南大沢,1号,330
A0758,南大沢,1号,340
A0759,南大沢,1号,204
A0760,南大沢,1号,103
A0761,南大沢,6号,209
A0762,南大沢,1号,208
A0763,南大沢,1号,203
A0765,南大沢,1号,109
A0766,南大沢,1号,105
A0767,南大沢,6号,106
A0768,南大沢,1号,304
A0769,南大沢,6号,208
A0770,南大沢,1号,205
A0771,南大沢,1号,204
A0772,南大沢,6号,201
A0773,南大沢,1号,303
A0774,南大沢,1号,330
A0775,南大沢,6号,104
A0776,南大沢,6号,104
A0778,南大沢,6号,104
A0780,南大沢,6号,104
A0781,南大沢,6号,104
A0782,南大沢,6号,104
A0784,南大沢,6号,306
A0787,南大沢,6号,306
A0796,南大沢,6号,302
A0797,南大沢,6号,302
A0812,南大沢,1号,320
A0816,南大沢,1号,350
A0822,南大沢,1号,350
A0826,南大沢,1号,330
A0827,南大沢,1号,320
A0828,南大沢,1号,340
A0829,南大沢,1号,350
A0830,南大沢,6号,404
A0831,南大沢,1号,320
A0832,南大沢,1号,330
A0833,南大沢,6号,207
A0834,南大沢,6号,207
A0837,南大沢,6号,209
A0838,南大沢,6号,209
A0843,南大沢,AV棟,163
A0845,南大沢,AV棟,163
A0847,南大沢,6号,304
A0848,南大沢,6号,304
A0851,南大沢,6号,303
A0852,南大沢,6号,303
A0854,南大沢,6号,202
A0856,南大沢,6号,202
A0857,南大沢,6号,305
A0858,南大沢,6号,306
A0859,南大沢,6号,305
A0860,南大沢,6号,306
A0863,南大沢,6号,305
A0864,南大沢,6号,305
A0865,南大沢,6号,203
A0866,南大沢,6号,203
A0869,南大沢,6号,304
A0870,南大沢,6号,304
A0873,南大沢,6号,203
A0874,南大沢,6号,203
A0877,南大沢,6号,201
A0878,南大沢,6号,201
A0881,南大沢,6号,207
A0883,南大沢,6号,201
A0885,南大沢,6号,207
A0887,南大沢,6号,201
A0889,南大沢,6号,305
A0890,南大沢,6号,306
A0891,南大沢,6号,304
A0892,南大沢,6号,305
A0893,南大沢,6号,305
A0894,南大沢,6号,306
A0895,南大沢,6号,304
A0896,南大沢,6号,305
A0897,南大沢,6号,207
A0899,南大沢,6号,404
A0901,南大沢,6号,207
A0903,南大沢,6号,404
A0905,南大沢,6号,306
A0906,南大沢,6号,307
A0907,南大沢,6号,208
A0908,南大沢,6号,312
A0909,南大沢,6号,306
A0910,南大沢,6号,307
A0911,南大沢,6号,208
A0912,南大沢,6号,312
A0920,南大沢,6号,201
A0921,南大沢,6号,201
A0995,南大沢,1号,340
A0998,南大沢,1号,320
A0999,南大沢,1号,320
C0301,南大沢,1号,205
C0302,南大沢,1号,202
C0303,南大沢,1号,206
C0304,南大沢,1号,208
C0305,南大沢,1号,209
C0306,南大沢,1号,204
C0307,南大沢,1号,102
C0308,南大沢,1号,103
C0309,南大沢,1号,104
C0310,南大沢,1号,105
C0311,南大沢,1号,204
C0312,南大沢,1号,304
C0313,南大沢,1号,205
C0314,南大沢,1号,308
C0315,南大沢,6号,313
C0318,南大沢,1号,208
C0319,南大沢,1号,209
C0320,南大沢,6号,206
C0321,南大沢,1号,203
C0322,南大沢,1号,104
C0323,南大沢,1号,103
C0324,南大沢,1号,309
C0325,南大沢,1号,105
C0326,南大沢,AV棟,163
C0327,南大沢,1号,204
C0329,南大沢,1号,103
C0330,南大沢,1号,104
C0331,南大沢,1号,204
C0333,南大沢,1号,103
C0334,南大沢,1号,104
C0335,南大沢,1号,204
C0336,南大沢,1号,205
C0337,南大沢,1号,206
C0338,南大沢,1号,208
C0341,南大沢,1号,202
C0342,南大沢,AV棟,162
C0344,南大沢,1号,103
C0345,南大沢,1号,105
C0347,南大沢,1号,104
C0348,南大沢,1号,209
C0349,南大沢,1号,204
C0350,南大沢,1号,206
C0351,南大沢,1号,205
C0352,南大沢,1号,208
C0355,南大沢,1号,202
C0356,南大沢,AV棟,162
C0359,南大沢,1号,105
C0360,南大沢,1号,303
C0361,南大沢,1号,103
C0362,南大沢,1号,109
C0363,南大沢,1号,104
C0364,南大沢,6号,203
C0365,南大沢,6号,204
C0366,南大沢,6号,305
C0367,南大沢,6号,203
C0368,南大沢,6号,204
C0369,南大沢,6号,305
C0370,南大沢,1号,203
C0371,南大沢,1号,204
C0372,南大沢,1号,205
C0373,南大沢,1号,206
C0374,南大沢,1号,208
C0377,南大沢,1号,303
C0378,南大沢,1号,304
C0379,南大沢,1号,308
C0380,南大沢,1号,103
C0381,南大沢,1号,104
C0382,南大沢,1号,102
C0383,南大沢,1号,105
C0384,南大沢,1号,109
C0385,南大沢,1号,203
C0386,南大沢,1号,209
C0387,南大沢,1号,204
C0388,南大沢,1号,206
C0389,南大沢,1号,208
C0390,南大沢,AV棟,162
C0391,南大沢,1号,102
C0392,南大沢,104,104
C0393,南大沢,1号,103
C0394,南大沢,1号,109
C0395,南大沢,1号,205
C0396,南大沢,1号,303
C0397,南大沢,1号,205
C0398,南大沢,1号,303
C0399,南大沢,1号,202
C0400,南大沢,6号,104
C0401,南大沢,1号,102
C0402,南大沢,6号,202
C0404,南大沢,6号,301
C0405,南大沢,1号,102
C0406,南大沢,1号,102
C0407,南大沢,6号,202
C0408,南大沢,1号,102
C0409,南大沢,1号,102
C0410,南大沢,6号,202
C0411,南大沢,1号,102
C0412,南大沢,1号,206
C0413,南大沢,1号,208
C0414,南大沢,1号,209
C0415,南大沢,1号,304
C0416,南大沢,1号,308
C0419,南大沢,6号,402
C0420,南大沢,1号,203
C0423,南大沢,1号,105
C0424,南大沢,1号,109
C0425,南大沢,1号,104
C0426,南大沢,6号,404
C0427,南大沢,1号,202
C0428,南大沢,1号,208
C0429,南大沢,1号,209
C0430,南大沢,1号,206
C0431,南大沢,1号,308
C0434,南大沢,6号,402
C0435,南大沢,1号,203
C0437,南大沢,1号,105
C0438,南大沢,1号,109
C0440,南大沢,1号,202
C0441,南大沢,6号,206
C0442,南大沢,6号,206
C0443,南大沢,6号,206
C0444,南大沢,6号,105
C0445,南大沢,6号,105
C0446,南大沢,6号,105
C0447,南大沢,1号,109
C0448,南大沢,1号,202
C0449,南大沢,1号,105
C0450,南大沢,AV棟,163
C0451,南大沢,1号,203
C0452,南大沢,1号,204
C0453,南大沢,1号,102
C0454,南大沢,1号,103
C0455,南大沢,1号,104
C0456,南大沢,1号,205
C0457,南大沢,1号,105
C0458,南大沢,AV棟,163
C0460,南大沢,1号,103
C0461,南大沢,1号,206
C0462,南大沢,AV棟,162
C0463,南大沢,1号,105
C0464,南大沢,AV棟,163
C0466,南大沢,1号,103
C0467,南大沢,1号,206
C0470,南大沢,1号,206
C0471,南大沢,6号,404
C0472,南大沢,1号,304
C0473,南大沢,1号,205
C0474,南大沢,1号,109
C0475,南大沢,1号,202
C0476,南大沢,1号,206
C0477,南大沢,1号,109
C0478,南大沢,1号,202
C0479,南大沢,6号,106
C0480,南大沢,1号,309
C0481,南大沢,6号,106
C0482,南大沢,1号,304
D0001,南大沢,1号,201
D0002,南大沢,1号,101
D0003,南大沢,1号,110
D0004,南大沢,1号,302
D0005,南大沢,1号,220
D0007,南大沢,8号,285
D0008,南大沢,11号,204
D0009,南大沢,12号,201
D0010,南大沢,1号,303
D0011,南大沢,1号,101
D0012,南大沢,1号,301
D0013,南大沢,1号,304
D0014,南大沢,1号,110
D0015,南大沢,1号,303
D0016,南大沢,1号,210
D0019,南大沢,12号,201
D0020,南大沢,1号,107
D0021,南大沢,6号,101
D0025,南大沢,1号,201
D0026,南大沢,1号,302
D0027,南大沢,1号,210
D0028,南大沢,1号,240
D0029,南大沢,1号,310
D0031,南大沢,1号,110
D0032,南大沢,1号,302
D0034,南大沢,6号,401
D0035,南大沢,1号,304
D0036,南大沢,12号,201
D0037,南大沢,1号,210
D0038,南大沢,6号,101
D0039,南大沢,1号,303
D0041,南大沢,1号,110
D0042,南大沢,1号,301
D0044,南大沢,1号,240
D0045,南大沢,1号,304
D0046,南大沢,12号,201
D0049,南大沢,1号,310
D0050,南大沢,1号,110
D0051,南大沢,1号,240
D0052,南大沢,6号,101
D0055,南大沢,1号,220
D0056,南大沢,1号,110
D0057,南大沢,1号,210
D0058,南大沢,1号,220
D0059,南大沢,1号,310
D0060,南大沢,12号,101
D0061,南大沢,1号,110
D0062,南大沢,1号,210
D0063,南大沢,1号,220
D0064,南大沢,1号,310
D0065,南大沢,12号,106
D0066,南大沢,1号,302
D0067,南大沢,6号,401
D0068,南大沢,1号,210
D0069,南大沢,1号,101
D0070,南大沢,1号,110
D0071,南大沢,1号,220
D0072,南大沢,1号,301
D0073,南大沢,1号,310
D0074,南大沢,1号,240
D0075,南大沢,1号,201
D0076,南大沢,1号,310
D0077,南大沢,1号,210
D0078,南大沢,1号,301
D0079,南大沢,1号,220
D0080,南大沢,1号,110
D0081,南大沢,1号,302
D0082,南大沢,1号,220
D0085,南大沢,1号,110
D0086,南大沢,1号,301
D0088,南大沢,8号,385
D0089,南大沢,1号,110
D0091,南大沢,1号,201
D0092,南大沢,1号,220
D0095,南大沢,1号,301
D0096,南大沢,1号,201
D0098,南大沢,8号,285
D0099,南大沢,8号,285
D0100,南大沢,1号,302
D0101,南大沢,8号,385
D0104,南大沢,8号,285
D0105,南大沢,1号,302
D0107,南大沢,1号,302
D0108,南大沢,1号,302
D0109,南大沢,1号,201
D0110,南大沢,1号,110
D0111,南大沢,1号,240
D0112,南大沢,1号,220
D0113,南大沢,11号,103
D0113,南大沢,8号,285
D0114,南大沢,1号,201
D0115,南大沢,1号,201
D0116,南大沢,1号,220
D0117,南大沢,1号,210
D0118,南大沢,1号,110
D0119,南大沢,8号,385
D0120,南大沢,1号,302
D0121,南大沢,1号,310
D0122,南大沢,1号,301
D0123,南大沢,1号,220
D0125,南大沢,6号,101
D0126,南大沢,1号,210
D0127,南大沢,6号,401
D0130,南大沢,1号,101
D0131,南大沢,1号,301
D0132,南大沢,1号,303
D0133,南大沢,1号,302
D0134,南大沢,1号,303
D0135,南大沢,1号,303
D0136,南大沢,1号,201
D0137,南大沢,1号,302
E0001,南大沢,6号,205
E0002,南大沢,6号,313
E0004,南大沢,1号,303
E0014,南大沢,6号,205
E0017,南大沢,1号,308
E0021,南大沢,11号,102
E0023,南大沢,6号,402
F0001,南大沢,1号,204
F0002,南大沢,1号,201
F0003,南大沢,6号,401
F0004,南大沢,1号,104
F0005,南大沢,1号,208
F0006,南大沢,1号,208
F0007,南大沢,1号,203
F0008,南大沢,1号,104
F0009,南大沢,6号,208
F0010,南大沢,6号,203
F0010,南大沢,6号,402
F0012,南大沢,6号,305
F0014,南大沢,5号,142
F0015,南大沢,1号,304
F0016,南大沢,1号,304
F0017,南大沢,1号,304
F0018,南大沢,1号,304
F0019,南大沢,1号,202
F0021,南大沢,1号,204
F0023,南大沢,1号,109
F0024,南大沢,1号,330
F0025,南大沢,1号,105
F0026,南大沢,1号,330
F0027,南大沢,1号,304
F0029,南大沢,1号,208
F0030,南大沢,1号,208
F0032,南大沢,1号,109
F0033,南大沢,1号,109
F0034,南大沢,1号,340
F0301,南大沢,5号,137
F0302,南大沢,5号,423
F0303,南大沢,1号,109
F0304,南大沢,1号,202
F0305,南大沢,1号,309
F0307,南大沢,1号,305
F0308,南大沢,1号,107
F0310,南大沢,1号,107
F0311,南大沢,1号,308
F0312,南大沢,5号,134
F0313,南大沢,6号,307
F0314,南大沢,5号,139
F0315,南大沢,6号,105
F0316,南大沢,1号,305
F0317,南大沢,1号,309
F0318,南大沢,1号,305
F0319,南大沢,5号,123
F0320,南大沢,5号,131
F0322,南大沢,6号,207
F0323,南大沢,1号,206
F0601,南大沢,1号,304
F0602,南大沢,1号,304
F0603,南大沢,6号,401
F0604,南大沢,6号,401
F0605,南大沢,1号,309
F0606,南大沢,1号,309
F0609,南大沢,1号,301
F0610,南大沢,1号,301
F0611,南大沢,5号,142
F0612,南大沢,1号,209
F0613,南大沢,1号,209
F0614,南大沢,1号,209
F0615,南大沢,1号,109
F0616,南大沢,1号,109
F0618,南大沢,1号,206
F0619,南大沢,1号,206
F0620,南大沢,1号,206
F0621,南大沢,1号,202
F0622,南大沢,1号,202
F0624,南大沢,5号,134
F0625,南大沢,1号,209
F0626,南大沢,1号,209
F0627,南大沢,1号,206
F0628,南大沢,1号,206
F0629,南大沢,1号,205
F0630,南大沢,1号,303
F0633,南大沢,5号,131
F0634,南大沢,5号,131
F0635,南大沢,5号,131
F0636,南大沢,6号,204
F0637,南大沢,6号,301
F0637,南大沢,6号,302
F0638,南大沢,6号,301
F0638,南大沢,6号,302
F0639,南大沢,6号,301
F0639,南大沢,6号,302
F0640,南大沢,6号,301
F0640,南大沢,6号,302
F0642,南大沢,6号,212
F0644,南大沢,5号,142
F0646,南大沢,5号,123
F0646,南大沢,5号,131
F0653,南大沢,5号,142
F0655,南大沢,5号,123
F0656,南大沢,5号,253
F0657,南大沢,5号,253
F0658,南大沢,6号,204
F0659,南大沢,6号,204
F0660,南大沢,1号,209
F0662,南大沢,1号,206
F0663,南大沢,1号,206
F0664,南大沢,5号,253
F0669,南大沢,1号,109
F0670,南大沢,6号,101
F0671,南大沢,5号,142
F0674,南大沢,1号,109
F0901,南大沢,6号,402
F0902,南大沢,6号,402
F0903,南大沢,6号,402
F0904,南大沢,6号,402
F0905,南大沢,6号,401
F0906,南大沢,1号,104
F0907,南大沢,1号,104
F0908,南大沢,6号,402
F0909,南大沢,6号,402
F0910,南大沢,1号,101
F0911,南大沢,1号,301
F0912,南大沢,6号,101
F0913,南大沢,1号,205
F0914,南大沢,1号,110
F0915,南大沢,1号,204
F0916,南大沢,1号,303
F0919,南大沢,1号,302
F0920,南大沢,1号,205
F0922,南大沢,1号,301
F0923,南大沢,6号,110
F0924,南大沢,1号,301
F0928,南大沢,5号,134
F0929,南大沢,6号,401
F0930,南大沢,6号,402
F0932,南大沢,5号,131
F0933,南大沢,5号,142
F0934,南大沢,5号,123
F0935,南大沢,5号,142
F0936,南大沢,5号,139
F0937,南大沢,5号,137
F0938,南大沢,5号,123
F0939,南大沢,5号,642
F0940,南大沢,5号,642
F0941,南大沢,6号,302
F0942,南大沢,1号,208
F0943,南大沢,5号,131
F0944,南大沢,5号,123
F0946,南大沢,6号,101
F1201,南大沢,1号,110
F1202,南大沢,1号,210
F1203,南大沢,1号,220
F1204,南大沢,1号,220
F1205,南大沢,1号,201
F1206,南大沢,1号,220
F1208,南大沢,1号,310
F1209,南大沢,1号,220
F1211,南大沢,1号,210
F1212,南大沢,1号,210
F1213,南大沢,1号,220
F1214,南大沢,1号,220
F1215,南大沢,1号,210
F1216,南大沢,1号,210
F1217,南大沢,1号,210
F1218,南大沢,1号,220
F1220,南大沢,1号,210
F1221,南大沢,1号,110
F1222,南大沢,6号,402
F1223,南大沢,5号,142
F1224,南大沢,1号,208
F1225,南大沢,1号,102
F1226,南大沢,1号,202
F1227,南大沢,1号,102
F1228,南大沢,1号,204
F1229,南大沢,1号,208
F1230,南大沢,1号,309
F1231,南大沢,1号,309
F1232,南大沢,5号,131
F1233,南大沢,6号,404
F1234,南大沢,6号,401
F1235,南大沢,1号,109
F1236,南大沢,6号,402
F1237,南大沢,6号,402
F1238,南大沢,6号,104
F1239,南大沢,6号,402
F1240,南大沢,6号,213
F1241,南大沢,5号,131
F1242,南大沢,1号,309
F1243,南大沢,1号,309
F1244,南大沢,6号,204
F1245,南大沢,1号,206
F1248,南大沢,5号,137
F1252,南大沢,1号,101
F1253,南大沢,1号,209
F1255,南大沢,1号,302
F1256,南大沢,1号,202
F1257,南大沢,1号,309
F1262,南大沢,5号,121
F1263,南大沢,5号,142
F1265,南大沢,6号,402
F1266,南大沢,6号,402
F1269,南大沢,6号,101
F1270,南大沢,6号,101
F1271,南大沢,1号,208
F1272,南大沢,1号,103
F1273,南大沢,1号,104
F1276,南大沢,6号,402
F1286,南大沢,1号,303
F1501,南大沢,5号,131
F1502,南大沢,5号,131
F1503,南大沢,5号,123
F1504,南大沢,6号,309
F1505,南大沢,5号,137
F1506,南大沢,5号,123
F1507,南大沢,5号,123
F1508,南大沢,6号,313
F1509,南大沢,6号,404
F1510,南大沢,6号,206
F1512,南大沢,5号,123
F1513,南大沢,5号,123
F1514,南大沢,5号,123
F1515,南大沢,5号,123
F1516,南大沢,5号,123
F1517,南大沢,5号,319
F1518,南大沢,5号,319
F1519,南大沢,5号,319
F1520,南大沢,5号,319
F1521,南大沢,5号,319
F1522,南大沢,5号,319
F1523,南大沢,5号,123
F1527,南大沢,1号,302
F1528,南大沢,5号,139
F1529,南大沢,6号,206
F1530,南大沢,6号,206
F1531,南大沢,6号,206
F1532,南大沢,1号,304
F1533,南大沢,5号,455
F1534,南大沢,5号,455
F1538,南大沢,1号,220
F1801,南大沢,5号,131
F1802,南大沢,6号,404
F1803,南大沢,5号,134
F1804,南大沢,6号,313
F1805,南大沢,6号,313
F1806,南大沢,1号,350
F1807,南大沢,1号,350
F1808,南大沢,6号,313
F1809,南大沢,6号,313
F1810,南大沢,5号,134
F1811,南大沢,5号,134
F1812,南大沢,6号,204
F1813,南大沢,6号,205
F1814,南大沢,6号,212
F1815,南大沢,6号,212
F1816,南大沢,1号,109
F1817,南大沢,6号,206
F1820,南大沢,5号,137
F1821,南大沢,5号,142
F1824,南大沢,6号,206
F1825,南大沢,5号,131
F1826,南大沢,5号,131
F1827,南大沢,5号,131
F1828,南大沢,5号,137
F1829,南大沢,5号,636
F1830,南大沢,5号,636
F1831,南大沢,6号,403
F1832,南大沢,1号,305
F1833,南大沢,6号,403
F1836,南大沢,5号,137
F1837,南大沢,5号,137
F1841,南大沢,1号,205
F1843,南大沢,国際交流会館,231
F1844,南大沢,国際交流会館,231
F1845,南大沢,6号,203
F1846,南大沢,6号,203
F1847,南大沢,5号,636
F1848,南大沢,5号,636
F1849,南大沢,6号,210
F1850,南大沢,6号,210
F1851,南大沢,1号,305
F2101,南大沢,1号,208
F2102,南大沢,1号,208
F2103,南大沢,6号,101
F2104,南大沢,1号,205
F2105,南大沢,5号,416
F2106,南大沢,5号,416
F2109,南大沢,5号,134
F2113,南大沢,6号,212
F2114,南大沢,5号,416
F2116,南大沢,5号,139
F2117,南大沢,5号,416
F2118,南大沢,6号,313
F2120,南大沢,5号,131
F2121,南大沢,5号,420
F2122,南大沢,1号,107
F2123,南大沢,6号,205
F2124,南大沢,1号,303
F2125,南大沢,1号,104
F2126,南大沢,5号,142
F2127,南大沢,5号,139
F2130,南大沢,1号,302
F2131,南大沢,5号,139
F2132,南大沢,5号,416
F2133,南大沢,5号,416
F2134,南大沢,5号,416
F2135,南大沢,5号,416
F2136,南大沢,5号,416
F2137,南大沢,5号,416
F2138,南大沢,5号,416
F2139,南大沢,5号,420
F2140,南大沢,5号,416
F2141,南大沢,5号,420
F2142,南大沢,5号,420
F2144,南大沢,1号,208
F2145,南大沢,1号,208
F2146,南大沢,6号,101
F2147,南大沢,1号,205
F2148,南大沢,1号,302
F2149,南大沢,5号,139
F2151,南大沢,5号,420
F2152,南大沢,5号,420
F2153,南大沢,5号,416
F2154,南大沢,5号,416
F2156,南大沢,6号,201
F2157,南大沢,5号,137
F2401,南大沢,1号,105
F2402,南大沢,5号,131
F2403,南大沢,1号,102
F2404,南大沢,5号,131
F2405,南大沢,5号,131
F2406,南大沢,1号,109
F2407,南大沢,1号,310
F2408,南大沢,1号,310
F2409,南大沢,6号,401
F2411,南大沢,1号,205
F2412,南大沢,1号,109
F2413,南大沢,1号,204
F2414,南大沢,6号,208
F2415,南大沢,1号,201
F2416,南大沢,5号,139
F2417,南大沢,1号,303
F2418,南大沢,1号,302
F2419,南大沢,1号,109
F2420,南大沢,6号,402
F2421,南大沢,1号,301
F2422,南大沢,1号,206
F2423,南大沢,5号,123
F2424,南大沢,1号,101
F2425,南大沢,1号,205
F2426,南大沢,1号,301
F2427,南大沢,6号,402
F2428,南大沢,5号,436
F2429,南大沢,5号,436
F2430,南大沢,5号,134
F2431,南大沢,1号,104
F2432,南大沢,1号,107
F2433,南大沢,1号,107
F2434,南大沢,1号,109
F2435,南大沢,1号,104
F2436,南大沢,5号,436
F2437,南大沢,5号,436
F2438,南大沢,5号,436
F2439,南大沢,5号,436
F2440,南大沢,5号,137
F2441,南大沢,5号,137
F2442,南大沢,5号,134
F2443,南大沢,5号,134
F2444,南大沢,5号,134
F2446,南大沢,5号,134
F2448,南大沢,5号,436
F2449,南大沢,5号,436
F2450,南大沢,5号,436
F2451,南大沢,5号,436
F2452,南大沢,5号,134
F2453,南大沢,5号,134
F2454,南大沢,5号,137
F2455,南大沢,5号,137
F2456,南大沢,5号,332
F2457,南大沢,5号,332
F2458,南大沢,5号,332
F2459,南大沢,5号,332
F2460,南大沢,5号,142
F2461,南大沢,5号,142
F2462,南大沢,5号,142
F2463,南大沢,5号,142
F2464,南大沢,5号,139
F2465,南大沢,5号,139
F2466,南大沢,5号,139
F2467,南大沢,5号,139
F2468,南大沢,5号,131
F2469,南大沢,5号,131
F2470,南大沢,5号,131
F2471,南大沢,5号,131
F2472,南大沢,5号,142
F2473,南大沢,5号,139
F2474,南大沢,5号,137
F2475,南大沢,5号,137
F2479,南大沢,5号,433
F2480,南大沢,5号,433
F2481,南大沢,5号,433
F2482,南大沢,5号,433
F2483,南大沢,5号,436
F2487,南大沢,1号,310
F2488,南大沢,1号,310
F2489,南大沢,6号,401
F2490,南大沢,1号,310
F2491,南大沢,1号,310
F2492,南大沢,1号,210
F2493,南大沢,1号,210
F2494,南大沢,1号,320
F2496,南大沢,1号,210
F2497,南大沢,91年館,91年館実習室
F2499,南大沢,1号,209
F2500,南大沢,6号,201
F2701,南大沢,6号,403
F2702,南大沢,1号,308
F2704,南大沢,6号,403
F2706,南大沢,1号,110
F2708,南大沢,1号,202
F2709,南大沢,6号,403
F2710,南大沢,6号,403
F2711,南大沢,1号,107
F2712,南大沢,1号,202
F2714,南大沢,6号,207
F2715,南大沢,1号,304
F2716,南大沢,1号,309
F2717,南大沢,1号,309
F2718,南大沢,1号,103
F2719,南大沢,AV棟,263
F2720,南大沢,6号,404
F2723,南大沢,5号,651
F2724,南大沢,5号,651
F2727,南大沢,1号,202
F2729,南大沢,1号,104
F2730,南大沢,1号,209
F2731,南大沢,1号,209
F2732,南大沢,5号,137
F2733,南大沢,5号,137
F2734,南大沢,6号,203
F2735,南大沢,6号,203
F2736,南大沢,1号,309
F2737,南大沢,1号,109
F2738,南大沢,1号,201
F2739,南大沢,1号,203
F2740,南大沢,AV棟,163
F2741,南大沢,1号,220
F2742,南大沢,1号,101
F2743,南大沢,1号,203
F2745,南大沢,1号,104
F2746,南大沢,1号,302
F2747,南大沢,5号,139
F2748,南大沢,AV棟,163
F2751,南大沢,1号,103
F2752,南大沢,6号,403
F2753,南大沢,6号,403
F2755,南大沢,1号,304
F2756,南大沢,1号,308
F3001,南大沢,1号,204
F3003,南大沢,1号,201
F3004,南大沢,1号,201
F3005,南大沢,6号,208
F3007,南大沢,6号,208
F3008,南大沢,1号,202
F3009,南大沢,1号,202
F3010,南大沢,1号,209
F3011,南大沢,1号,209
F3012,南大沢,1号,102
F3013,南大沢,1号,102
F3014,南大沢,6号,207
F3015,南大沢,1号,302
F3018,南大沢,5号,614
F3019,南大沢,5号,614
F3020,南大沢,6号,303
F3021,南大沢,6号,303
F3022,南大沢,5号,614
F3023,南大沢,5号,131
F3024,南大沢,5号,614
F3025,南大沢,1号,107
F3026,南大沢,1号,107
F3027,南大沢,1号,203
F3028,南大沢,1号,203
F3033,南大沢,1号,309
F3034,南大沢,1号,309
F3038,南大沢,6号,207
F3039,南大沢,1号,302
F3042,南大沢,5号,614
F3043,南大沢,5号,614
F3044,南大沢,6号,303
F3045,南大沢,6号,303
F3046,南大沢,5号,614
F3047,南大沢,5号,131
F3048,南大沢,5号,614
F3049,南大沢,1号,107
F3050,南大沢,1号,107
F3051,南大沢,1号,203
F3052,南大沢,1号,203
F3057,南大沢,1号,204
F3058,南大沢,1号,304
F3059,南大沢,1号,304
F3060,南大沢,6号,106
F3061,南大沢,6号,106
F3063,南大沢,1号,102
F3064,南大沢,1号,103
F3065,南大沢,1号,103
F3066,南大沢,1号,206
F3067,南大沢,6号,106
F3068,南大沢,6号,106
F3069,南大沢,1号,206
F3070,南大沢,1号,102
F3071,南大沢,6号,104
F3072,南大沢,1号,102
F3073,南大沢,1号,103
F3074,南大沢,1号,103
F3075,南大沢,1号,206
F3076,南大沢,1号,102
F3304,南大沢,5号,314
F3305,南大沢,5号,314
F3308,南大沢,6号,313
F3309,南大沢,6号,313
F3310,南大沢,1号,104
F3311,南大沢,1号,104
F3312,南大沢,AV棟,163
F3313,南大沢,AV棟,163
F3314,南大沢,6号,106
F3315,南大沢,6号,105
F3316,南大沢,6号,105
F3317,南大沢,5号,134
F3318,南大沢,5号,314
F3319,南大沢,5号,314
F3320,南大沢,5号,314
F3322,南大沢,5号,314
F3323,南大沢,5号,314
F3325,南大沢,5号,314
F3326,南大沢,5号,314
F3327,南大沢,5号,314
F3328,南大沢,6号,213
F3329,南大沢,5号,314
F3332,南大沢,5号,314
F3333,南大沢,5号,314
F3334,南大沢,5号,314
F3335,南大沢,5号,314
F3336,南大沢,5号,314
F3337,南大沢,5号,314
F3338,南大沢,5号,314
F3339,南大沢,5号,314
F3340,南大沢,5号,314
F3601,南大沢,6号,105
F3602,南大沢,6号,105
F3603,南大沢,1号,103
F3604,南大沢,6号,209
F3605,南大沢,6号,205
F3607,南大沢,1号,107
F3608,南大沢,1号,107
F3611,南大沢,6号,106
F3612,南大沢,5号,443
F3614,南大沢,5号,131
F3615,南大沢,5号,131
F3616,南大沢,1号,102
F3617,南大沢,1号,102
F3620,南大沢,6号,403
F3621,南大沢,6号,403
F3622,南大沢,5号,137
F3623,南大沢,5号,443
F3624,南大沢,5号,443
F3625,南大沢,5号,443
F3626,南大沢,5号,443
F3627,南大沢,5号,443
F3628,南大沢,5号,443
F3629,南大沢,5号,131
F3630,南大沢,5号,131
F3631,南大沢,6号,104
F3632,南大沢,6号,104
F3633,南大沢,5号,443
F3634,南大沢,5号,443
F3635,南大沢,1号,305
F3636,南大沢,1号,305
F3637,南大沢,1号,305
F3638,南大沢,6号,207
F3639,南大沢,6号,207
F3640,南大沢,5号,443
F3641,南大沢,1号,305
F3642,南大沢,1号,305
F3645,南大沢,6号,213
F3646,南大沢,6号,213
F3649,南大沢,1号,102
F3650,南大沢,1号,102
F3651,南大沢,5号,137
F3652,南大沢,6号,209
F3653,南大沢,5号,443
F3654,南大沢,5号,443
F3655,南大沢,5号,443
F3901,南大沢,AV棟,163
F3902,南大沢,AV棟,163
F3903,南大沢,5号,653
F3904,南大沢,5号,653
F3905,南大沢,5号,653
F3906,南大沢,5号,653
F3907,南大沢,AV棟,263
F3908,南大沢,AV棟,263
F3909,南大沢,5号,653
F3910,南大沢,5号,653
F3911,南大沢,5号,653
F3912,南大沢,5号,653
F3913,南大沢,5号,653
F3914,南大沢,5号,134
F3915,南大沢,5号,653
F3916,南大沢,5号,653
F3917,南大沢,5号,653
F3918,南大沢,5号,653
F3919,南大沢,5号,653
F3920,南大沢,5号,653
F3921,南大沢,5号,653
F3922,南大沢,5号,653
F3923,南大沢,5号,653
F3924,南大沢,5号,653
F3925,南大沢,5号,653
F3926,南大沢,5号,653
F3927,南大沢,5号,653
F3928,南大沢,5号,653
F3929,南大沢,5号,653
F3930,南大沢,5号,653
F3931,南大沢,5号,653
F3932,南大沢,5号,653
F3933,南大沢,5号,653
F3934,南大沢,5号,653
F3935,南大沢,5号,653
F3936,南大沢,5号,653
F4201,南大沢,5号,137
F4202,南大沢,AV棟,163
F4203,南大沢,5号,504
F4204,南大沢,5号,504
F4205,南大沢,5号,504
F4206,南大沢,1号,209
F4207,南大沢,5号,504
F4208,南大沢,5号,504
F4209,南大沢,6号,211
F4210,南大沢,5号,504
F4211,南大沢,5号,504
F4212,南大沢,AV棟,163
F4213,南大沢,5号,139
F4214,南大沢,5号,504
F4215,南大沢,5号,504
F4216,南大沢,AV棟,163
F4217,南大沢,5号,504
F4219,南大沢,5号,504
F4220,南大沢,5号,504
F4221,南大沢,5号,504
F4222,南大沢,5号,131
F4223,南大沢,5号,139
F4224,南大沢,6号,205
F4225,南大沢,6号,205
F4226,南大沢,6号,205
F4227,南大沢,6号,205
F4228,南大沢,5号,504
F4229,南大沢,5号,504
F4230,南大沢,AV棟,163
F4231,南大沢,AV棟,163
F4232,南大沢,5号,504
F4233,南大沢,5号,504
F4234,南大沢,5号,139
F4235,南大沢,5号,139
F4239,南大沢,5号,504
G0001,南大沢,6号,101
G0002,南大沢,AV棟,263
G0004,南大沢,1号,120
G0004,南大沢,1号,210
G0007,南大沢,1号,120
G0009,南大沢,1号,220
G0010,南大沢,1号,220
G0012,南大沢,1号,206
G0013,南大沢,4号,113
G0016,南大沢,1号,210
G0017,南大沢,1号,240
G0018,南大沢,1号,203
G0019,南大沢,4号,113
G0020,南大沢,4号,113
G0021,南大沢,1号,203
G0022,南大沢,1号,220
G0023,南大沢,6号,401
G0024,南大沢,1号,308
G0025,南大沢,1号,230
G0026,南大沢,1号,309
G0027,南大沢,1号,107
G0030,南大沢,4号,115
G0031,南大沢,4号,112
G0032,南大沢,6号,101
G0036,南大沢,4号,101
G0038,南大沢,1号,230
G0040,南大沢,1号,120
G0041,南大沢,1号,240
G0042,南大沢,1号,308
G0043,南大沢,4号,115
G0044,南大沢,1号,120
G0045,南大沢,1号,308
G0046,南大沢,1号,303
G0048,南大沢,1号,120
G0049,南大沢,4号,112
G0052,南大沢,1号,201
G0053,南大沢,6号,210
G0054,南大沢,4号,101
G0055,南大沢,1号,110
G0056,南大沢,4号,101
G0058,南大沢,6号,401
G0059,南大沢,4号,101
G0060,南大沢,4号,101
G0062,南大沢,1号,201
G0066,南大沢,1号,120
G0069,南大沢,1号,303
G0070,南大沢,1号,310
G0071,南大沢,1号,203
G0072,南大沢,1号,230
G0073,南大沢,1号,120
G0074,南大沢,1号,308
G0076,南大沢,1号,120
G0080,南大沢,4号,118
G0081,南大沢,4号,113
G0084,南大沢,4号,101
G0088,南大沢,1号,301
G0089,南大沢,1号,210
G0091,南大沢,1号,209
G0093,南大沢,1号,240
G0094,南大沢,1号,101
G0095,南大沢,4号,113
G0096,南大沢,1号,240
G0097,南大沢,1号,209
G0098,南大沢,4号,115
G0099,南大沢,4号,115
G0102,南大沢,4号,113
G0108,南大沢,4号,112
G0113,南大沢,4号,112
G0116,南大沢,4号,101
G0125,南大沢,6号,106
G0127,南大沢,1号,203
G0128,南大沢,1号,303
G0129,南大沢,1号,102
G0130,南大沢,4号,113
G0131,南大沢,4号,113
G0132,南大沢,4号,115
G0133,南大沢,4号,101
G0137,南大沢,4号,118
G0138,南大沢,4号,101
G0142,南大沢,1号,209
G0145,南大沢,1号,147
G0146,南大沢,1号,147
G0147,南大沢,1号,303
G0149,南大沢,4号,115
G0150,南大沢,4号,115
G0152,南大沢,4号,115
G0153,南大沢,6号,202
G0154,南大沢,1号,208
G0155,南大沢,1号,208
G0156,南大沢,4号,113
G0157,南大沢,4号,113
G0158,南大沢,4号,101
G0159,南大沢,4号,101
G0160,南大沢,6号,202
G0161,南大沢,6号,206
G0162,南大沢,6号,202
H0003,南大沢,AV棟,263
H0004,南大沢,6号,110
H0015,南大沢,1号,310
H0031,南大沢,1号,240
H0033,南大沢,1号,101
H0047,南大沢,1号,210
H0061,南大沢,AV棟,263
H0066,南大沢,1号,230
H0074,南大沢,1号,240
H0086,南大沢,6号,101
H0101,南大沢,1号,240
H0201,南大沢,1号,310
H0207,南大沢,1号,120
H0208,南大沢,1号,110
H0211,南大沢,1号,230
H0212,南大沢,1号,240
H0213,南大沢,6号,101
H0227,南大沢,1号,310
H0233,南大沢,1号,240
H0243,南大沢,AV棟,263
H0245,南大沢,6号,110
H0252,南大沢,1号,120
H0255,南大沢,1号,230
H0258,南大沢,1号,301
H0273,南大沢,AV棟,263
H0276,南大沢,1号,210
H0279,南大沢,1号,310
H0400,南大沢,1号,120
H0401,南大沢,1号,201
H0403,南大沢,1号,205
H0404,南大沢,1号,120
H0405,南大沢,6号,110
H0407,南大沢,1号,240
H0408,南大沢,AV棟,263
H0411,南大沢,1号,240
H0414,南大沢,1号,203
H0415,南大沢,6号,110
H0417,南大沢,AV棟,263
H0421,南大沢,1号,230
H0422,南大沢,1号,310
H0423,南大沢,1号,230
H0424,南大沢,1号,204
H0425,南大沢,1号,120
H0426,南大沢,AV棟,263
H0428,南大沢,1号,105
H0429,南大沢,1号,310
H0430,南大沢,1号,120
H0431,南大沢,6号,101
H0432,南大沢,1号,110
H0433,南大沢,6号,101
H0434,南大沢,1号,230
H0435,南大沢,1号,309
H0436,南大沢,6号,110
H0437,南大沢,AV棟,263
H0438,南大沢,1号,310
H0440,南大沢,1号,240
H0441,南大沢,1号,210
H0442,南大沢,1号,310
H0443,南大沢,1号,110
H0445,南大沢,6号,101
H0446,南大沢,1号,204
H0447,南大沢,1号,210
H0452,南大沢,1号,310
H0453,南大沢,1号,220
H0454,南大沢,1号,220
H0472,南大沢,1号,203
H0476,南大沢,1号,302
H0477,南大沢,1号,220
H0501,南大沢,1号,209
H0502,南大沢,1号,205
H0503,南大沢,1号,102
H0504,南大沢,1号,204
H0505,南大沢,1号,204
H0902,南大沢,1号,209
H0903,南大沢,1号,209
H0904,南大沢,3号,216
H0905,南大沢,3号,216
I0001,南大沢,12号,102
I0004,南大沢,11号,103
I0006,南大沢,12号,202
I0008,南大沢,1号,103
I0009,南大沢,11号,110
I0010,南大沢,11号,105
I0013,南大沢,12号,202
I0015,南大沢,11号,103
I0016,南大沢,12号,101
I0019,南大沢,12号,101
I0020,南大沢,12号,101
I0022,南大沢,11号,102
I0027,南大沢,12号,102
I0028,南大沢,12号,101
I0029,南大沢,11号,201
I0030,南大沢,8号,386
I0033,南大沢,8号,287
I0034,南大沢,12号,102
I0035,南大沢,12号,105
I0036,南大沢,8号,386
I0039,南大沢,8号,247
I0039,南大沢,8号,263
I0039,南大沢,8号,287
I0040,南大沢,1号,101
I0041,南大沢,1号,208
I0042,南大沢,1号,205
I0043,南大沢,12号,102
I0044,南大沢,12号,101
I0045,南大沢,11号,110
I0046,南大沢,12号,202
I0047,南大沢,12号,102
I0049,南大沢,8号,287
I0051,南大沢,1号,201
I0052,南大沢,1号,201
I0053,南大沢,1号,304
I0054,南大沢,12号,102
I0057,南大沢,情報処理施設,113
I0058,南大沢,11号,105
I0059,南大沢,8号,247
I0059,南大沢,8号,263
I0059,南大沢,8号,287
I0061,南大沢,12号,101
I0062,南大沢,情報処理施設,113
I0063,南大沢,12号,101
I0064,南大沢,1号,203
I0067,南大沢,11号,202
I0072,南大沢,情報処理施設,113
I0074,南大沢,11号,103
I0075,南大沢,12号,102
I0081,南大沢,11号,206
I0082,南大沢,12号,105
I0083,南大沢,11号,110
I0084,南大沢,11号,202
I0085,南大沢,12号,102
I0087,南大沢,12号,102
I0088,南大沢,11号,206
I0089,南大沢,11号,103
I0090,南大沢,11号,101
I0094,南大沢,11号,301
I0094,南大沢,11号,302
I0094,南大沢,8号,388
I0095,南大沢,11号,102
I0097,南大沢,8号,247
I0097,南大沢,8号,263
I0097,南大沢,8号,287
I0100,南大沢,11号,301
I0100,南大沢,11号,302
I0100,南大沢,8号,388
I0105,南大沢,1号,205
I0106,南大沢,12号,102
I0109,南大沢,情報処理施設,113
I0112,南大沢,1号,304
I0113,南大沢,情報処理施設,113
I0114,南大沢,8号,302
I0115,南大沢,12号,101
I0118,南大沢,8号,287
I0120,南大沢,12号,102
I0121,南大沢,情報処理施設,113
I0123,南大沢,1号,209
I0125,南大沢,12号,102
I0126,南大沢,11号,106
I0131,南大沢,12号,105
I0132,南大沢,1号,308
I0135,南大沢,11号,101
I0136,南大沢,11号,102
I0137,南大沢,11号,103
I0141,南大沢,12号,201
I0142,南大沢,1号,209
I0143,南大沢,12号,101
I0145,南大沢,11号,105
I0149,南大沢,12号,202
I0150,南大沢,12号,104
I0152,南大沢,8号,385
I0153,南大沢,8号,287
I0154,南大沢,11号,201
I0154,南大沢,11号,202
I0155,南大沢,1号,102
I0156,南大沢,12号,101
I0156,南大沢,8号,287
I0160,南大沢,11号,101
I0161,南大沢,8号,247
I0161,南大沢,8号,263
I0161,南大沢,8号,287
I0163,南大沢,1号,101
I0164,南大沢,12号,102
I0165,南大沢,8号,287
I0167,南大沢,1号,110
I0168,南大沢,12号,102
I0170,南大沢,12号,105
I0171,南大沢,8号,247
I0171,南大沢,8号,263
I0171,南大沢,8号,287
I0173,南大沢,情報処理施設,113
I0174,南大沢,12号,102
I0176,南大沢,1号,101
I0177,南大沢,12号,202
I0178,南大沢,12号,101
I0179,南大沢,12号,102
I0183,南大沢,12号,102
I0184,南大沢,1号,301
I0185,南大沢,1号,301
I0186,南大沢,11号,103
I0188,南大沢,11号,106
I0191,南大沢,12号,102
I0192,南大沢,1号,220
I0193,南大沢,1号,301
I0194,南大沢,12号,101
I0195,南大沢,11号,103
I0197,南大沢,11号,102
I0199,南大沢,12号,102
I0201,南大沢,12号,101
I0203,南大沢,8号,385
I0205,南大沢,12号,101
I0207,南大沢,8号,285
I0208,南大沢,8号,247
I0208,南大沢,8号,263
I0208,南大沢,8号,287
I0209,南大沢,8号,287
I0210,南大沢,8号,287
I0211,南大沢,11号,306
I0213,南大沢,8号,287
I0214,南大沢,11号,103
I0216,南大沢,12号,102
I0221,南大沢,1号,105
I0223,南大沢,11号,103
I0225,南大沢,11号,201
I0229,南大沢,12号,201
I0231,南大沢,11号,101
I0232,南大沢,11号,202
I0233,南大沢,12号,106
I0236,南大沢,11号,102
I0236,南大沢,11号,202
I0237,南大沢,11号,106
I0238,南大沢,12号,101
I0239,南大沢,11号,103
I0239,南大沢,8号,285
I0242,南大沢,8号,285
I0243,南大沢,11号,202
I0244,南大沢,11号,201
I0245,南大沢,11号,105
I0246,南大沢,教室,未決定
I0247,南大沢,11号,102
I0249,南大沢,11号,306
I0252,南大沢,1号,103
I0253,南大沢,12号,101
I0257,南大沢,11号,102
I0259,南大沢,1号,303
I0260,南大沢,11号,306
I0261,南大沢,1号,109
I0264,南大沢,1号,109
I0273,南大沢,11号,103
I0306,南大沢,11号,101
I0307,南大沢,11号,102
I0308,南大沢,11号,302
I0309,南大沢,11号,102
I0310,南大沢,11号,101
I0311,南大沢,11号,108
I0312,南大沢,11号,101
I0313,南大沢,11号,101
I0314,南大沢,11号,101
I0317,南大沢,12号,102
I0319,南大沢,11号,110
I0320,南大沢,1号,201
I0321,南大沢,11号,302
I0326,南大沢,11号,106
I0327,南大沢,8号,302
I0328,南大沢,8号,306
I0329,南大沢,8号,301
I0330,南大沢,8号,305
I0331,南大沢,11号,204
I0333,南大沢,8号,306
I0334,南大沢,12号,208
I0335,南大沢,8号,302
I0336,南大沢,11号,201
I0337,南大沢,8号,305
I0338,南大沢,11号,202
I0344,南大沢,12号,102
I0345,南大沢,11号,103
I0346,南大沢,11号,105
I0360,南大沢,11号,103
I0367,南大沢,8号,247
I0367,南大沢,8号,263
I0367,南大沢,8号,287
I0369,南大沢,11号,101
I0369,南大沢,11号,102
I0369,南大沢,11号,103
I0375,南大沢,11号,103
I0376,南大沢,11号,202
I0377,南大沢,11号,101
I0378,南大沢,1号,301
I0382,南大沢,12号,203
I0383,南大沢,11号,103
I0384,南大沢,11号,103
I0385,南大沢,11号,202
I0386,南大沢,11号,103
I0387,南大沢,11号,103
I0388,南大沢,11号,103
I0389,南大沢,11号,103
I0390,南大沢,11号,202
I0391,南大沢,11号,105
I0392,南大沢,11号,101
I0393,南大沢,12号,102
I0394,南大沢,11号,301
I0395,南大沢,11号,103
I0396,南大沢,11号,103
I0397,南大沢,11号,103
I0399,南大沢,6号,302
I0400,南大沢,6号,302
I0401,南大沢,6号,302
I0402,南大沢,6号,302
I0403,南大沢,11号,202
I0404,南大沢,11号,102
I0405,南大沢,11号,202
I0406,南大沢,11号,101
I0407,南大沢,11号,202
I0409,南大沢,11号,202
I0411,南大沢,11号,301
I0412,南大沢,11号,202
I0417,南大沢,11号,201
I0421,南大沢,11号,103
I0422,南大沢,11号,103
I0423,南大沢,11号,103
I0424,南大沢,12号,102
I0425,南大沢,11号,103
I0425,南大沢,8号,287
I0426,南大沢,11号,103
I0426,南大沢,8号,287
I0429,南大沢,11号,302
I0430,南大沢,11号,103
I0434,南大沢,11号,201
I0435,南大沢,11号,201
I0439,南大沢,1号,201
I0440,南大沢,1号,201
I0441,南大沢,8号,285
I0442,南大沢,1号,201
I0443,南大沢,1号,310
I0444,南大沢,1号,110
I0445,南大沢,1号,220
I0446,南大沢,12号,201
I0447,南大沢,12号,101
I0448,南大沢,12号,201
I0449,南大沢,12号,106
I0450,南大沢,1号,301
I0451,南大沢,1号,302
I0452,南大沢,8号,385
I0455,南大沢,12号,201
I0456,南大沢,12号,101
I0457,南大沢,12号,201
I0458,南大沢,12号,106
I0461,南大沢,1号,201
I0462,南大沢,1号,310
I0463,南大沢,1号,110
I0464,南大沢,1号,220
I0469,南大沢,1号,101
I0470,南大沢,11号,102
I0471,南大沢,11号,102
I0472,南大沢,11号,101
I0475,南大沢,12号,102
I0476,南大沢,11号,102
I0477,南大沢,11号,105
I0478,南大沢,12号,102
I0479,南大沢,12号,102
I0480,南大沢,8号,287
I0481,南大沢,8号,287
I0483,南大沢,11号,103
I0485,南大沢,11号,201
I0486,南大沢,11号,105
I0487,南大沢,11号,102
I0488,南大沢,1号,201
I0489,南大沢,1号,302
I0490,南大沢,1号,201
I0491,南大沢,1号,302
I0492,南大沢,12号,102
I0494,南大沢,11号,108
J0001,南大沢,1号,105
J0002,南大沢,1号,105
J0003,南大沢,1号,105
J0004,南大沢,1号,105
J0005,南大沢,1号,105
J0006,南大沢,1号,105
J0007,南大沢,1号,105
J0008,南大沢,1号,105
J0009,南大沢,1号,105
J0010,南大沢,1号,104
J0011,南大沢,1号,105
K0002,南大沢,9号,928
K0003,南大沢,9号,928
K0006,南大沢,12号,203
K0008,南大沢,12号,203
K0009,南大沢,12号,103
K0011,南大沢,11号,110
K0017,南大沢,9号,928
K0019,南大沢,11号,106
K0020,南大沢,12号,103
K0024,南大沢,12号,103
K0025,南大沢,12号,104
K0028,南大沢,1号,320
K0030,南大沢,12号,202
K0031,南大沢,12号,103
K0033,南大沢,12号,104
K0034,南大沢,12号,201
K0035,南大沢,12号,202
K0037,南大沢,12号,202
K0038,南大沢,12号,103
K0039,南大沢,12号,103
K0040,南大沢,8号,774
K0042,南大沢,12号,104
K0043,南大沢,12号,202
K0044,南大沢,12号,104
K0050,南大沢,12号,103
K0051,南大沢,12号,202
K0053,南大沢,12号,103
K0055,南大沢,8号,774
K0056,南大沢,12号,104
K0059,南大沢,12号,202
K0060,南大沢,12号,105
K0061,南大沢,12号,101
K0063,南大沢,12号,103
K0064,南大沢,12号,101
K0065,南大沢,教室,未決定
K0066,南大沢,12号,101
K0068,南大沢,1号,210
K0069,南大沢,11号,306
K0070,南大沢,12号,203
K0072,南大沢,12号,202
K0073,南大沢,12号,103
K0074,南大沢,12号,104
K0075,南大沢,12号,104
K0076,南大沢,1号,110
K0078,南大沢,12号,202
K0079,南大沢,11号,105
K0080,南大沢,12号,103
K0081,南大沢,11号,105
K0081,南大沢,11号,106
K0082,南大沢,12号,103
K0084,南大沢,12号,104
K0086,南大沢,12号,104
K0087,南大沢,12号,103
K0089,南大沢,12号,203
K0090,南大沢,12号,101
K0091,南大沢,12号,101
K0093,南大沢,11号,302
K0094,南大沢,12号,201
K0095,南大沢,12号,103
K0097,南大沢,11号,306
K0098,南大沢,教室,未決定
K0101,南大沢,11号,106
K0104,南大沢,12号,201
K0107,南大沢,12号,201
K0108,南大沢,1号,201
K0109,南大沢,12号,104
K0112,南大沢,12号,202
K0114,南大沢,12号,103
K0117,南大沢,教室,未決定
K0118,南大沢,12号,104
K0120,南大沢,11号,306
K0120,南大沢,12号,104
K0122,南大沢,12号,103
K0123,南大沢,情報処理施設,113
K0127,南大沢,12号,101
K0128,南大沢,12号,105
K0129,南大沢,12号,203
K0131,南大沢,12号,105
K0133,南大沢,12号,105
K0135,南大沢,12号,105
K0136,南大沢,12号,105
K0138,南大沢,12号,201
K0139,南大沢,11号,306
K0143,南大沢,1号,101
K0144,南大沢,12号,105
K0148,南大沢,10号,150
K0153,南大沢,9号,928
K0154,南大沢,8号,774
K0157,南大沢,12号,103
K0160,南大沢,12号,201
K0164,南大沢,12号,103
K0165,南大沢,1号,301
K0165,南大沢,1号,330
K0166,南大沢,12号,201
K0167,南大沢,12号,203
K0170,南大沢,12号,103
K0171,南大沢,12号,104
K0172,南大沢,12号,103
K0173,南大沢,11号,110
K0174,南大沢,12号,201
K0175,南大沢,12号,201
K0178,南大沢,91年館,91年館実習室
K0182,南大沢,9号,470
K0186,南大沢,12号,203
K0206,南大沢,12号,105
K0212,南大沢,8号,834
K0214,南大沢,11号,109
K0215,南大沢,9号,928
K0216,南大沢,12号,104
K0231,南大沢,12号,202
K0232,南大沢,12号,201
K0261,南大沢,12号,101
K0265,南大沢,12号,103
K0273,南大沢,11号,206
K0274,南大沢,11号,208
K0275,南大沢,11号,206
K0277,南大沢,12号,105
K0278,南大沢,12号,202
K0279,南大沢,11号,306
K0280,南大沢,12号,201
K0281,南大沢,9号,470
K0283,南大沢,12号,103
K0284,南大沢,12号,203
K0285,南大沢,11号,110
K0288,南大沢,11号,110
K0289,南大沢,11号,110
K0291,南大沢,9号,470
K0295,南大沢,12号,208
K0296,南大沢,9号,470
K0298,南大沢,教室,未決定
K0304,南大沢,9号,470
K0306,南大沢,11号,106
K0306,南大沢,11号,108
K0306,南大沢,11号,109
K0307,南大沢,11号,105
K0307,南大沢,11号,108
K0307,南大沢,11号,109
K0308,南大沢,教室,未決定
K0318,南大沢,11号,202
K0319,南大沢,11号,201
K0320,南大沢,11号,201
K0321,南大沢,11号,302
K0322,南大沢,11号,302
K0323,南大沢,11号,302
K0324,南大沢,11号,302
K0325,南大沢,11号,301
K0326,南大沢,11号,301
K0327,南大沢,11号,306
K0328,南大沢,11号,301
K0329,南大沢,11号,201
K0330,南大沢,11号,201
K0331,南大沢,11号,105
K0332,南大沢,11号,105
K0333,南大沢,11号,302
K0334,南大沢,11号,302
K0335,南大沢,11号,109
K0336,南大沢,11号,109
K0337,南大沢,11号,301
K0338,南大沢,11号,301
K0339,南大沢,11号,110
K0340,南大沢,11号,110
K0343,南大沢,12号,104
K0345,南大沢,11号,110
K0346,南大沢,11号,110
K0347,南大沢,12号,105
K0348,南大沢,11号,306
K0349,南大沢,11号,306
K0352,南大沢,6号,101
K0353,南大沢,12号,103
K0354,南大沢,12号,102
K0355,南大沢,12号,104
K0356,南大沢,1号,101
K0357,南大沢,12号,201
K0358,南大沢,12号,1201
K0359,南大沢,12号,201
K0360,南大沢,12号,201
K0361,南大沢,12号,103
K0362,南大沢,12号,201
K0367,南大沢,11号,110
K0369,南大沢,12号,104
K0370,南大沢,12号,201
K0371,南大沢,12号,201
K0374,南大沢,12号,103
K0376,南大沢,12号,105
K0378,南大沢,12号,201
K0382,南大沢,12号,201
K0382,南大沢,1号,340
K0383,南大沢,12号,101
K0385,南大沢,12号,104
K0386,南大沢,12号,103
K0387,南大沢,11号,206
K0388,南大沢,12号,202
K0389,南大沢,12号,104
K0393,南大沢,12号,103
K0393,南大沢,12号,104
K0393,南大沢,12号,201
K0394,南大沢,12号,103
K0394,南大沢,12号,104
K0394,南大沢,12号,201
K0395,南大沢,12号,103
K0395,南大沢,12号,104
K0395,南大沢,12号,201
K0396,南大沢,12号,103
K0396,南大沢,12号,104
K0396,南大沢,12号,201
K0397,南大沢,9号,285
K0398,南大沢,9号,285
K0399,南大沢,9号,286
K0400,南大沢,9号,286
K0401,南大沢,9号,286
K0402,南大沢,9号,286
K0403,南大沢,12号,104
K0406,南大沢,1号,309
K0420,南大沢,12号,207
K0422,南大沢,11号,206
K0426,南大沢,11号,108
K0427,南大沢,12号,202
K0432,南大沢,11号,106
K0434,南大沢,11号,306
K0435,南大沢,11号,309
K0462,南大沢,12号,104
K0463,南大沢,教室,未決定
K0475,南大沢,1号,230
K0476,南大沢,1号,208
K0477,南大沢,1号,208
K0478,南大沢,12号,201
K0479,南大沢,12号,101
K0480,南大沢,12号,201
K0481,南大沢,12号,106
K0482,南大沢,11号,103
K0482,南大沢,8号,285
K0484,南大沢,8号,385
K0485,南大沢,8号,385
K0486,南大沢,8号,385
K0489,南大沢,12号,203
K0491,南大沢,1号,209
K0492,南大沢,2号,208
K0493,南大沢,2号,208
K0494,南大沢,2号,208
K0495,南大沢,1号,350
K0496,南大沢,1号,350
K0497,南大沢,2号,208
K0498,南大沢,1号,220
K0499,南大沢,2号,208
K0500,南大沢,2号,208
K0501,南大沢,2号,208
K0502,南大沢,1号,308
K0502,南大沢,2号,208
K0504,南大沢,2号,208
K0505,南大沢,2号,203
K0506,南大沢,2号,208
K0507,南大沢,2号,203
K0508,南大沢,2号,203
K0509,南大沢,2号,208
K0510,南大沢,2号,203
K0511,南大沢,11号,110
K0512,南大沢,2号,203
K0514,南大沢,12号,103
K0516,南大沢,11号,106
K0517,南大沢,11号,110
K0519,南大沢,11号,110
K0520,南大沢,12号,202
K0521,南大沢,12号,104
K0522,南大沢,教室,未決定
K0524,南大沢,教室,未決定
K0525,南大沢,1号,205
K0527,南大沢,11号,209
K0527,南大沢,11号,210
K0528,南大沢,11号,105
K0529,南大沢,11号,108
K0530,南大沢,11号,209
K0531,南大沢,12号,203
K0534,南大沢,12号,205
K0539,南大沢,11号,108
K0540,南大沢,11号,309
K0543,南大沢,11号,105
K0544,南大沢,11号,105
K0545,南大沢,11号,105
K0546,南大沢,11号,206
K0547,南大沢,11号,208
K0549,南大沢,11号,209
K0551,南大沢,12号,203
K0552,南大沢,教室,未決定
K0555,南大沢,11号,208
K0556,南大沢,11号,208
K0557,南大沢,12号,104
K0560,南大沢,12号,104
K0561,南大沢,6号,401
K0562,南大沢,12号,103
K0563,南大沢,12号,104
K0564,南大沢,12号,103
K0565,南大沢,1号,301
K0565,南大沢,1号,330
K0566,南大沢,12号,203
K0567,南大沢,12号,104
K0568,南大沢,11号,306
L0006,南大沢,12号,206
L0100,南大沢,6号,401
L0101,南大沢,6号,401
L0102,南大沢,1号,320
L0103,南大沢,1号,220
L0104,南大沢,11号,204
L0106,南大沢,6号,101
L0107,南大沢,1号,110
L0108,南大沢,1号,210
L0109,南大沢,1号,120
L0113,南大沢,1号,310
L0115,南大沢,1号,310
L0116,南大沢,1号,110
L0117,南大沢,1号,110
L0118,南大沢,1号,240
L0153,南大沢,1号,340
L0201,南大沢,1号,330
L0201,南大沢,1号,340
L0202,南大沢,1号,220
L0203,南大沢,11号,204
L0204,南大沢,6号,401
L0205,南大沢,1号,110
L0206,南大沢,6号,401
L0207,南大沢,9号,236
L0207,南大沢,9号,388
L0207,南大沢,9号,390
L0208,南大沢,1号,330
L0208,南大沢,1号,340
L0209,南大沢,1号,110
L0210,南大沢,6号,101
L0211,南大沢,1号,210
L0212,南大沢,1号,120
L0213,南大沢,1号,303
L0214,南大沢,1号,204
L0215,南大沢,1号,201
L0216,南大沢,1号,220
L0217,南大沢,1号,310
L0218,南大沢,1号,240
L0219,南大沢,1号,201
L0220,南大沢,1号,350
L0221,南大沢,1号,110
L0222,南大沢,1号,240
L0223,南大沢,1号,310
L0224,南大沢,1号,110
L0225,南大沢,1号,101
L0226,南大沢,1号,303
L0227,南大沢,1号,302
L0228,南大沢,1号,301
L0229,南大沢,6号,404
L0230,南大沢,1号,107
L0235,南大沢,1号,304
L0252,南大沢,1号,304
L0255,南大沢,9号,385
L0286,南大沢,11号,206
L0287,南大沢,11号,103
L0288,南大沢,11号,206
L0289,南大沢,11号,206
L0400,南大沢,1号,220
L0401,南大沢,6号,101
L0402,南大沢,9号,B28
L0403,南大沢,9号,B28
L0404,南大沢,9号,B28
L0405,南大沢,9号,B28
L0406,南大沢,6号,101
L0407,南大沢,1号,320
L0407,南大沢,1号,330
L0408,南大沢,6号,401
L0409,南大沢,1号,240
L0410,南大沢,6号,401
L0411,南大沢,1号,310
L0412,南大沢,12号,202
L0412,南大沢,9号,263
L0413,南大沢,12号,101
L0413,南大沢,9号,263
L0414,南大沢,1号,240
L0415,南大沢,1号,220
L0416,南大沢,6号,101
L0417,南大沢,1号,240
L0418,南大沢,1号,210
L0419,南大沢,6号,101
L0420,南大沢,6号,401
L0421,南大沢,1号,101
L0422,南大沢,12号,102
L0422,南大沢,9号,263
L0423,南大沢,12号,101
L0423,南大沢,9号,263
L0424,南大沢,12号,201
L0425,南大沢,11号,204
L0426,南大沢,1号,110
L0427,南大沢,1号,302
L0428,南大沢,6号,101
L0429,南大沢,1号,301
L0430,南大沢,6号,101
L0431,南大沢,1号,308
L0432,南大沢,12号,102
L0433,南大沢,1号,101
L0434,南大沢,12号,104
L0447,南大沢,11号,110
L0477,南大沢,1号,310
L0478,南大沢,6号,401
L0483,南大沢,8号,285
L0600,南大沢,1号,110
L0601,南大沢,1号,301
L0602,南大沢,1号,201
L0603,南大沢,1号,301
L0604,南大沢,1号,201
L0605,南大沢,1号,201
L0606,南大沢,1号,101
L0607,南大沢,1号,201
L0608,南大沢,1号,101
L0610,南大沢,1号,201
L0612,南大沢,1号,330
L0613,南大沢,1号,101
L0615,南大沢,1号,101
L0700,南大沢,6号,101
L0701,南大沢,12号,204
L0702,南大沢,12号,204
L0703,南大沢,12号,204
L0704,南大沢,12号,204
L0705,南大沢,12号,204
L0708,南大沢,12号,204
L0709,南大沢,12号,204
L0710,南大沢,1号,340
L0710,南大沢,1号,350
L0711,南大沢,12号,204
L0712,南大沢,6号,101
L0713,南大沢,6号,101
L0714,南大沢,1号,201
L0715,南大沢,1号,107
L0716,南大沢,12号,204
L0717,南大沢,12号,204
L0718,南大沢,12号,204
L0719,南大沢,6号,401
L0721,南大沢,12号,204
L0722,南大沢,12号,204
L0723,南大沢,12号,204
L0724,南大沢,12号,204
L0725,南大沢,12号,204
L0726,南大沢,12号,204
L0727,南大沢,1号,350
L0728,南大沢,12号,204
M0052,南大沢,1号,220
M0055,南大沢,6号,101
M0078,南大沢,1号,209
M0085,南大沢,6号,402
M0086,南大沢,1号,102
M0131,南大沢,1号,206
M0135,南大沢,6号,401
M0152,南大沢,1号,205
M0178,南大沢,1号,105
M0193,南大沢,1号,101
M0201,南大沢,1号,210
M0202,南大沢,6号,401
M0206,南大沢,1号,110
M0210,南大沢,1号,210
M0214,南大沢,6号,101
M0224,南大沢,6号,110
M0225,南大沢,1号,110
M0226,南大沢,1号,110
M0229,南大沢,AV棟,263
M0292,南大沢,1号,102
M0294,南大沢,1号,110
M0296,南大沢,1号,110
M0297,南大沢,1号,210
M0298,南大沢,1号,206
M0299,南大沢,1号,210
M0303,南大沢,6号,402
M0559,南大沢,1号,320
M0563,南大沢,1号,103
M0565,南大沢,1号,102
M0566,南大沢,6号,401
M0568,南大沢,1号,301
M0600,南大沢,6号,101
M0601,南大沢,6号,101
M0602,南大沢,6号,401
M0603,南大沢,6号,401
M0605,南大沢,1号,220
M0606,南大沢,1号,110
N0001,南大沢,12号,203
V0001,南大沢,1号,305
V0012,南大沢,1号,305
V0013,南大沢,1号,305
V0014,南大沢,1号,305
V0016,南大沢,1号,203
V0019,南大沢,1号,203
V0020,南大沢,1号,203
V0021,南大沢,1号,203
V0022,南大沢,1号,203
V0024,南大沢,1号,305
X0003,南大沢,6号,301
X0004,南大沢,1号,310
X0005,南大沢,1号,220
X0010,南大沢,6号,301
X0011,南大沢,1号,310
X0013,南大沢,1号,220
X0014,南大沢,1号,202
X0019,南大沢,1号,301
X0020,南大沢,1号,201
X0022,南大沢,1号,220
X0023,南大沢,6号,110
X0026,南大沢,1号,230
X0031,南大沢,AV棟,263
X0033,南大沢,1号,101
X0036,南大沢,AV棟,263
X0037,南大沢,1号,210
X0040,南大沢,1号,110
X0043,南大沢,1号,240
X0048,南大沢,1号,210
X0052,南大沢,1号,120
X0055,南大沢,6号,110
X0057,南大沢,1号,101
X0059,南大沢,6号,110
X0061,南大沢,1号,120
X0063,南大沢,6号,110
X0064,南大沢,1号,120
X0065,南大沢,1号,204
X0070,南大沢,1号,120
X0074,南大沢,AV棟,263
X0078,南大沢,12号,103
X0080,南大沢,1号,102
X0081,南大沢,12号,104
X0087,南大沢,6号,110
X0091,南大沢,6号,110
X0093,南大沢,1号,230
X0097,南大沢,1号,101
X0101,南大沢,1号,110
X0102,南大沢,6号,110
X0105,南大沢,12号,101
X0109,南大沢,AV棟,263
X0113,南大沢,6号,110
X0117,南大沢,11号,204
X0121,南大沢,6号,110
X0122,南大沢,1号,120
X0123,南大沢,1号,240
X0126,南大沢,1号,302
X0129,南大沢,1号,101
X0130,南大沢,6号,401
X0131,南大沢,1号,210
X0132,南大沢,1号,310
X0133,南大沢,1号,310
X0137,南大沢,1号,105
X0139,南大沢,1号,105
X0140,南大沢,11号,103
X0142,南大沢,11号,108
X0144,南大沢,11号,103
X0147,南大沢,6号,110
X0148,南大沢,6号,213
X0149,南大沢,AV棟,263
X0150,南大沢,1号,220
X0153,南大沢,1号,120
X0154,南大沢,6号,110
X0155,南大沢,1号,230
X0156,南大沢,1号,110
X0157,南大沢,AV棟,263
X0158,南大沢,AV棟,263
X0159,南大沢,6号,110
X0160,南大沢,1号,101
X0161,南大沢,1号,301
X0162,南大沢,1号,220
X0163,南大沢,1号,208
X0165,南大沢,1号,203
X0166,南大沢,1号,203
X0167,南大沢,1号,305
X0170,南大沢,6号,207
X0171,南大沢,1号,206
X0172,南大沢,1号,230
X0173,南大沢,6号,110
X0174,南大沢,1号,101
X0178,南大沢,1号,301
X0179,南大沢,6号,105
X0180,南大沢,1号,302
X0181,南大沢,6号,105
X0182,南大沢,1号,102
X0183,南大沢,1号,102
X0184,南大沢,6号,201
X0185,南大沢,6号,201
X0186,南大沢,6号,205
Y0001,南大沢,1号,120
Y0002,南大沢,1号,120
Y0003,南大沢,1号,120
Y0004,南大沢,1号,110
Y0005,南大沢,1号,203
Y0006,南大沢,6号,110
Y0008,南大沢,1号,210
Y0009,南大沢,1号,230
Y0010,南大沢,1号,310
Y0013,南大沢,6号,110
Y0014,南大沢,1号,240
Y0015,南大沢,1号,230
Y0016,南大沢,1号,120
Y0019,南大沢,6号,401
Y0023,南大沢,1号,230
Y0024,南大沢,6号,401
Y0027,南大沢,1号,230
Y0030,南大沢,1号,330
Y0031,南大沢,6号,110
Y0032,南大沢,1号,230
Y0033,南大沢,1号,230
Y0034,南大沢,1号,210
Y0035,南大沢,1号,203
Y0037,南大沢,1号,230
Y0039,南大沢,1号,120
Y0040,南大沢,1号,120
Y0042,南大沢,1号,210
Y0043,南大沢,1号,120
Y0044,南大沢,6号,110
Y0046,南大沢,AV棟,263
Y0047,南大沢,1号,120
Y0048,南大沢,1号,230
Y0049,南大沢,1号,230
Y0050,南大沢,1号,230
Y0054,南大沢,1号,120
Y0056,南大沢,1号,309
Y0057,南大沢,AV棟,263
Y0058,南大沢,6号,110
Y0059,南大沢,1号,240
Y0060,南大沢,1号,309
Y0061,南大沢,1号,110
Y0062,南大沢,1号,310
Y0063,南大沢,1号,240
Y0064,南大沢,6号,110
Y0065,南大沢,6号,101
Y0066,南大沢,AV棟,263
Y0068,南大沢,6号,110
Y0069,南大沢,1号,110
Y0070,南大沢,1号,110
Y0071,南大沢,1号,240
Z0001,南大沢,体育施設,体育施設
Z0003,南大沢,1号,202
Z0004,南大沢,体育施設,体育施設
Z0005,南大沢,体育施設,体育施設
Z0006,南大沢,体育施設,体育施設
Z0007,南大沢,体育施設,体育施設
Z0008,南大沢,体育施設,体育施設
Z0010,南大沢,体育施設,体育施設
Z0012,南大沢,体育施設,体育施設
Z0013,南大沢,体育施設,体育施設
Z0014,南大沢,体育施設,体育施設
Z0015,南大沢,体育施設,体育施設
Z0016,南大沢,体育施設,体育施設
Z0018,南大沢,体育施設,体育施設
Z0019,南大沢,体育施設,体育施設
Z0021,南大沢,体育施設,体育施設
Z0023,南大沢,体育施設,体育施設
Z0024,南大沢,体育施設,体育施設
Z0025,南大沢,1号,202
Z0030,南大沢,体育施設,体育施設
Z0031,南大沢,体育施設,体育施設
Z0032,南大沢,体育施設,体育施設
Z0033,南大沢,体育施設,体育施設
Z0053,南大沢,6号,404
Z0054,南大沢,6号,313
Z0058,南大沢,体育施設,体育施設
Z0059,南大沢,体育施設,体育施設
Z0060,南大沢,体育施設,体育施設
Z0061,南大沢,体育施設,体育施設
Z0064,南大沢,体育施設,体育施設
Z0065,南大沢,体育施設,体育施設
Z0066,南大沢,体育施設,体育施設
Z0067,南大沢,体育施設,体育施設
Z0068,南大沢,体育施設,体育施設
Z0069,南大沢,体育施設,体育施設
Z0070,南大沢,体育施設,体育施設
Z0071,南大沢,体育施設,体育施設
Z0072,南大沢,体育施設,体育施設
Z0073,南大沢,体育施設,体育施設
Z0075,南大沢,体育施設,体育施設
Z0076,南大沢,体育施設,体育施設
Z0077,南大沢,体育施設,体育施設
Z0078,南大沢,体育施設,体育施設
Z0079,南大沢,体育施設,体育施設
Z0080,南大沢,体育施設,体育施設
Z0081,南大沢,体育施設,体育施設
Z0082,南大沢,体育施設,体育施設
Z0083,南大沢,体育施設,体育施設
Z0084,南大沢,体育施設,体育施設
Z0085,南大沢,体育施設,体育施設
Z0087,南大沢,1号,202
Z0088,南大沢,6号,401
Z0090,南大沢,1号,305
Z0091,南大沢,1号,305
